id,hashtags
1,"#Elections,#Democracy,#Vote,#Policy"
2,"#Parliament,#Government"
3,"#ForeignPolicy,#Debate,#UN,#Alliance"
4,"#Economy,#Election2025,#Constitution,#Party,#Polls"
5,"#Campaign,#Manifesto,#Democracy"
6,"#Senate,#Cabinet"
7,"#Policy,#Speech,#Vote,#Polls"
8,"#PoliticalScandal,#Transparency"
9,"#Politics,#Budget,#Tax,#Reform"
10,"#PrimeMinister,#Opposition,#Coalition,#Government,#Elections"
11,"#Democracy,#Policy"
12,"#Parliament,#Bill,#Cabinet"
13,"#UN,#Sanction"
14,"#Debate,#Speech"
15,"#Democracy,#Government,#Opposition,#Media,#Parliament"
16,"#Reform,#Tax,#Budget"
17,"#ForeignPolicy,#Debate"
18,"#Election2025,#Economy,#Polls,#Party,#Policy"
19,"#Government,#Ministry,#Cabinet,#SupremeCourt"
20,"#PoliticalScandal,#Elections,#Reform"
21,"#PrimeMinister,#Bill"
22,"#Policy,#Manifesto,#Democracy"
23,"#Polls,#Transparency"
24,"#Policy,#Speech,#Parliament,#Government,#Opposition"
25,"#Campaign,#Polls,#Party"
26,"#Elections,#PoliticalScandal,#Protest,#SupremeCourt,#Senate"
27,"#Budget,#Manifesto,#Reform,#Economy,#Government"
28,"#Debate,#Party,#Constitution,#Media"
29,"#ForeignPolicy,#Sanction,#UN,#Alliance,#Economy"
30,"#PrimeMinister,#Opposition,#Democracy,#Parliament"
31,"#Elections,#SupremeCourt,#Policy,#Parliament"
32,"#Debate,#Speech,#Budget,#Manifesto"
33,"#Bill,#Policy,#PrimeMinister,#Democracy,#Party"
34,"#Opposition,#Cabinet"
35,"#Policy,#Parliament,#Speech,#Manifesto,#Campaign"
36,"#SupremeCourt,#Constitution"
37,"#UN,#Media"
38,"#Speech,#ForeignPolicy,#Manifesto,#Sanction,#Campaign"
39,"#Party,#Polls,#Economy,#Alliance,#Opposition"
40,"#Parliament,#Elections"
41,"#Government,#Cabinet,#Media"
42,"#PrimeMinister,#ForeignPolicy"
43,"#Democracy,#Government"
44,"#Opposition,#Policy,#Election2025,#Debate"
45,"#Manifesto,#Polls,#Campaign"
46,"#Cabinet,#Budget,#Party,#Speech"
47,"#Tax,#Reform,#Economy,#Sanction"
48,"#Party,#PoliticalScandal,#Debate,#Alliance"
49,"#Bill,#UN,#Elections"
50,"#PrimeMinister,#Economy,#Vote,#Policy,#Manifesto"
51,"#Parliament,#Media,#Alliance"
52,"#Protest,#Election2025,#Speech,#Tax"
53,"#Policy,#Party,#Reform,#PoliticalScandal,#Senate"
54,"#Opposition,#Manifesto"
55,"#Government,#Transparency,#Polls,#Speech,#ForeignPolicy"
56,"#Budget,#Sanction,#Economy,#Elections"
57,"#Party,#Democracy,#Bill"
58,"#Protest,#Opposition,#Tax,#Elections"
59,"#Reform,#Policy,#Ministry,#Campaign,#Cabinet"
60,"#Speech,#Policy,#Manifesto"
61,"#Sanction,#ForeignPolicy,#Debate"
62,"#Parliament,#PoliticalScandal"
63,"#Speech,#Budget,#Economy"
64,"#Cabinet,#PrimeMinister,#SupremeCourt"
65,"#Government,#Economy"
66,"#Democracy,#Policy"
67,"#UN,#Election2025"
68,"#Opposition,#Polls,#Bill,#Campaign"
69,"#Manifesto,#Policy,#Reform,#Protest"
70,"#ForeignPolicy,#Alliance,#UN,#Speech"
71,"#Party,#PrimeMinister"
72,"#Elections,#Government,#Transparency"
73,"#SupremeCourt,#Tax"
74,"#Cabinet,#Budget,#Economy,#Manifesto"
75,"#PoliticalScandal,#Polls,#Party"
76,"#Election2025,#Policy,#Reform,#Opposition,#Democracy"
77,"#Party,#Debate,#Speech,#Protest"
78,"#Cabinet,#Government,#Parliament"
79,"#Manifesto,#Constitution,#UN,#Democracy"
80,"#Polls,#Party,#Tax"
81,"#PrimeMinister,#Elections,#Speech"
82,"#PoliticalScandal,#Campaign"
83,"#Policy,#Protest,#Party,#Ministry,#Manifesto"
84,"#Reform,#Speech,#Sanction"
85,"#Opposition,#Budget,#Tax,#Economy"
86,"#Party,#Manifesto,#PoliticalScandal,#Constitution"
87,"#Cabinet,#Elections"
88,"#SupremeCourt,#Government"
89,"#Democracy,#Ministry,#Reform,#Bill"
90,"#Campaign,#Debate,#Speech"
91,"#Polls,#UN,#Protest"
92,"#Parliament,#Manifesto"
93,"#Budget,#Bill,#Economy"
94,"#Government,#PrimeMinister,#SupremeCourt,#Speech"
95,"#Party,#Election2025"
96,"#Constitution,#Transparency,#Policy,#Sanction"
97,"#Manifesto,#Vote"
98,"#PoliticalScandal,#Protest"
99,"#Reform,#Party,#Alliance,#Media"
100,"#Democracy,#Opposition,#ForeignPolicy,#Sanction"
101,"#Elections,#Tax,#Budget,#Speech"
102,"#Parliament,#Government,#UN,#Debate"
103,"#Party,#Manifesto,#Vote,#Opposition"
104,"#PrimeMinister,#Speech,#Economy"
105,"#Protest,#Constitution,#Alliance,#Transparency"
106,"#Senate,#Bill,#Media"
107,"#Policy,#Election2025,#Government,#Manifesto"
108,"#PoliticalScandal,#Budget,#Tax,#Reform,#Party"
109,"#Alliance,#Campaign,#Opposition"
110,"#UN,#Sanction,#SupremeCourt,#Democracy"
111,"#Policy,#Manifesto,#Debate"
112,"#Election2025,#Polls,#Cabinet"
113,"#Speech,#Budget,#Party,#Media"
114,"#Government,#Economy,#Reform"
115,"#Cabinet,#PrimeMinister,#Parliament,#Democracy"
116,"#Party,#Bill,#Transparency"
117,"#Elections,#Opposition,#Campaign"
118,"#Debate,#Protest,#Constitution"
119,"#Reform,#Tax,#Party,#Policy,#Manifesto"
120,"#Speech,#SupremeCourt,#Cabinet"
121,"#election2025,#vote,#democracy,#campaign"
122,"#budget2025,#government,#policy"
123,"#congress,#bjp,#manifesto,#india"
124,"#modi,#parliament,#speech,#indianpolitics"
125,"#freedom,#media,#press"
126,"#supremecourt,#scandal,#transparency"
127,"#debate,#reform,#policy"
128,"#womeninpolitics,#parliament,#democracy"
129,"#narendramodi,#election,#trending"
130,"#protest,#change,#citizens"
131,"#coalition,#alliances,#bjp,#modi"
132,"#government,#parliament,#cabinet"
133,"#usa,#indianpolitics,#trending"
134,"#foreignpolicy,#un,#manifesto"
135,"#democrat,#republican,#trump,#election2025"
136,"#congress,#rahulgandhi,#budget2025"
137,"#liberty,#freedom,#change"
138,"#parliamentary,#policy,#reform"
139,"#media,#news,#press,#government"
140,"#campaign,#vote,#election"
141,"#modi,#vote,#manifesto,#india"
142,"#parliament,#government,#coalition"
143,"#supremecourt,#scandal,#protest,#change"
144,"#transparency,#citizens,#democracy"
145,"#debate,#freedom,#speech"
146,"#indianpolitics,#alliances,#congress"
147,"#cabinet,#manifesto,#budget2025"
148,"#trending,#usa,#politics"
149,"#press,#media,#government,#campaign"
150,"#womeninpolitics,#policy,#change"
151,"#election2025,#protest,#debate"
152,"#narendramodi,#reform,#parliament"
153,"#modi,#cabinet,#democracy"
154,"#foreignpolicy,#scandal,#un"
155,"#liberty,#supremecourt,#manifesto"
156,"#trump,#republican,#election2025"
157,"#freedom,#news,#speech"
158,"#government,#democracy,#parliament"
159,"#indianpolitics,#congress,#budget2025"
160,"#policy,#manifesto,#campaign"
161,"#media,#press,#citizens"
162,"#protest,#change,#alliance"
163,"#election,#vote,#india"
164,"#parliamentary,#cabinet,#government"
165,"#modi,#manifesto,#budget2025"
166,"#scandal,#transparency,#debate"
167,"#womeninpolitics,#parliament,#democracy"
168,"#narendramodi,#campaign,#change"
169,"#freedom,#government,#media"
170,"#policy,#reform,#cabinet,#coalition"
171,"#trending,#alliances,#un"
172,"#manifesto,#budget2025,#india"
173,"#press,#debate,#speech"
174,"#congress,#policy,#vote"
175,"#democracy,#coalition,#government"
176,"#supremecourt,#scandal,#citizens"
177,"#cabinet,#manifesto,#india"
178,"#modi,#alliances,#trending"
179,"#foreignpolicy,#un,#news"
180,"#republican,#trump,#vote"
181,"#freedom,#change,#campaign"
182,"#womeninpolitics,#parliament,#manifesto"
183,"#narendramodi,#coalition,#government"
184,"#liberty,#policy,#budget2025"
185,"#press,#media,#democracy"
186,"#protest,#change,#debate"
187,"#election2025,#vote,#india"
188,"#parliamentary,#cabinet,#modi"
189,"#congress,#manifesto,#bjp"
190,"#trending,#usa,#speech"
191,"#government,#news,#press"
192,"#alliances,#policy,#manifesto"
193,"#supremecourt,#scandal,#liberty"
194,"#womeninpolitics,#india,#democracy"
195,"#narendramodi,#parliament,#coalition"
196,"#budget2025,#government,#media"
197,"#debate,#policy,#reform"
198,"#freedom,#cabinet,#manifesto"
199,"#protest,#citizens,#democracy"
200,"#congress,#india,#manifesto"
201,"#trump,#republican,#parliament"
202,"#modi,#vote,#press"
203,"#budget2025,#india,#policy"
204,"#foreignpolicy,#manifesto,#speech"
205,"#liberty,#freedom,#change"
206,"#parliament,#democracy,#supremecourt"
207,"#womeninpolitics,#government"
208,"#narendramodi,#alliance,#india"
209,"#media,#news,#press"
210,"#campaign,#policy,#budget2025"
211,"#protest,#debate,#change"
212,"#bjp,#congress,#manifesto"
213,"#democracy,#trending,#usa"
214,"#cabinet,#parliamentary,#government"
215,"#alliances,#manifesto,#india"
216,"#supremecourt,#scandal,#parliament"
217,"#womeninpolitics,#freedom,#policy"
218,"#narendramodi,#democracy,#vote"
219,"#liberty,#manifesto,#government"
220,"#press,#debate,#speech"
221,"#congress,#bjp,#vote"
222,"#india,#manifesto,#campaign"
223,"#policy,#budget2025,#government"
224,"#protest,#change,#democracy"
225,"#cabinet,#parliament,#modi"
226,"#republican,#trump,#election"
227,"#alliances,#manifesto,#congress"
228,"#supremecourt,#scandal,#news"
229,"#womeninpolitics,#india,#media"
230,"#narendramodi,#cabinet,#budget2025"
231,"#parliamentary,#speech,#freedom"
232,"#press,#policy,#manifesto"
233,"#democracy,#election2025,#modi"
234,"#government,#congress,#india"
235,"#alliances,#manifesto,#debate"
236,"#supremecourt,#scandal,#liberty"
237,"#womeninpolitics,#parliament,#change"
238,"#narendramodi,#democracy,#campaign"
239,"#budget2025,#policy,#government"
240,"#protest,#manifesto,#cabinet"
241,"#press,#media,#news"
242,"#congress,#trending,#india"
243,"#debate,#policy,#speech"
244,"#freedom,#vote,#democracy"
245,"#parliament,#cabinet,#government"
246,"#modi,#manifesto,#election2025"
247,"#bjp,#congress,#alliances"
248,"#supremecourt,#scandal,#parliament"
249,"#womeninpolitics,#india,#policy"
250,"#narendramodi,#freedom,#government"
251,"#liberty,#change,#manifesto"
252,"#press,#debate,#media"
253,"#protest,#democracy,#cabinet"
254,"#parliament,#india,#alliance"
255,"#budget2025,#manifesto,#trending"
256,"#government,#congress,#cabinet"
257,"#policy,#manifesto,#change"
258,"#womeninpolitics,#election2025"
259,"#narendramodi,#india,#speech"
260,"#debate,#press,#media"
261,"#freedom,#manifesto,#cabinet"
262,"#parliamentary,#india,#budget2025"
263,"#congress,#government,#policy"
264,"#alliances,#manifesto,#modi"
265,"#supremecourt,#scandal,#change"
266,"#womeninpolitics,#democracy,#cabinet"
267,"#narendramodi,#india,#manifesto"
268,"#budget2025,#policy,#government"
269,"#protest,#cabinet,#manifesto"
270,"#press,#media,#speech"
271,"#congress,#trending,#bjp"
272,"#debate,#policy,#manifesto"
273,"#freedom,#democracy,#change"
274,"#parliament,#government,#alliances"
275,"#modi,#manifesto,#india"
276,"#cabinet,#election2025,#congress"
277,"#supremecourt,#scandal,#parliament"
278,"#womeninpolitics,#policy,#democracy"
279,"#narendramodi,#government,#campaign"
280,"#budget2025,#manifesto,#media"
281,"#protest,#cabinet,#change"
282,"#press,#policy,#parliament"
283,"#congress,#bjp,#india"
284,"#alliances,#manifesto,#speech"
285,"#supremecourt,#scandal,#freedom"
286,"#womeninpolitics,#parliament,#india"
287,"#narendramodi,#manifesto,#cabinet"
288,"#budget2025,#policy,#democracy"
289,"#protest,#change,#government"
290,"#press,#media,#debate"
291,"#congress,#manifesto,#india"
292,"#cabinet,#bjp,#alliances"
293,"#supremecourt,#scandal,#manifesto"
294,"#womeninpolitics,#modi,#democracy"
295,"#narendramodi,#policy,#campaign"
296,"#budget2025,#government,#manifesto"
297,"#protest,#change,#speech"
298,"#press,#media,#freedom"
299,"#congress,#parliament,#india"
300,"#alliances,#manifesto,#cabinet"

