ID,Hashtags
1,"#environment1,#sustainability1,#climateaction1,#greenenergy1,#renewable1"
2,"#recycle1,#zerowaste1,#circulareconomy1,#plasticfree1,#ecofriendly1"
3,"#cleanenergy1,#carbonfootprint1,#solarpower1,#windenergy1,#cleantech1"
4,"#nature1,#wildlife1,#conservation1,#biodiversity1,#earth1"
5,"#climatechange1,#globalwarming1,#actonclimate1,#savetheplanet1,#ecoactivism1"
6,"#greenliving1,#sustainableliving1,#ecolifestyle1,#organic1,#fairtrade1"
7,"#waterconservation1,#watersaving1,#cleandrinkingwater1,#hydrosustainability1,#smartwater1"
8,"#urbanfarming1,#regenerativeagriculture1,#permaculture1,#soilhealth1,#communitygarden1"
9,"#electricvehicles1,#evcharging1,#cleantransport1,#decarbonize1,#gogreen1"
10,"#plantbased1,#vegan1,#sustainablefood1,#foodwaste1,#localfood1"
11,"#ecotourism1,#slowtravel1,#responsibletourism1,#naturelover1,#environmentaleducation1"
12,"#sustainablefashion1,#ethicalfashion1,#slowfashion1,#zerowastefashion1,#fairfashion1"
13,"#climatejustice1,#socialjustice1,#environmentalequity1,#actnow1,#climatepolicy1"
14,"#greenbuilding1,#leedcertified1,#energyefficiency1,#lowimpactdesign1,#sustainabledesign1"
15,"#sustainabledevelopmentgoals1,#sdgs1,#globalgoals1,#2030agenda1,#unitednations1"
16,"#plasticfreeoceans1,#cleanbeaches1,#marineconservation1,#oceanprotection1,#wildlife1"
17,"#savethetrees1,#forestry1,#biodiversity1,#deforestation1,#forestconservation1"
18,"#renewableenergy1,#windturbines1,#solarenergy1,#cleantech1,#greenfuture1"
19,"#ecofriendlyproducts1,#greenliving1,#reducewaste1,#ecoliving1,#sustainabilitymatters1"
20,"#carbonemissions1,#carbonneutral1,#climatestrike1,#globalwarming1,#greenplanet1"
21,"#foodsecurity1,#sustainableagriculture1,#organicfarming1,#farmtotable1,#foodsovereignty1"
22,"#waterpollution1,#cleanwater1,#watersustainability1,#saveourwater1,#freshwater1"
23,"#climateinnovation1,#greenbusiness1,#sustainablegrowth1,#ecobusiness1,#greenfinance1"
24,"#wildlifeprotection1,#endangeredspecies1,#conservationefforts1,#animalrights1,#habitatloss1"
25,"#sustainableurbanism1,#greencities1,#smartcities1,#urbanplanning1,#environmentalpolicy1"
26,"#localfarmers1,#supportlocal1,#farmersmarket1,#agriculture1,#communitysupportedagriculture1"
27,"#energyconservation1,#energyefficient1,#savetheenergy1,#greenenergy1,#sustainableenergy1"
28,"#zerowastelifestyle1,#plasticalternative1,#ecoconscious1,#recycling1,#wastemanagement1"
29,"#renewabletechnologies1,#solarplants1,#windpower1,#geothermal1,#cleanenergyfuture1"
30,"#educationforclimate1,#climateawareness1,#activism1,#socialchange1,#environmentaleducation1"
31,"#environment2,#sustainability2,#climateaction2,#greenenergy2,#renewable2"
32,"#recycle2,#zerowaste2,#circulareconomy2,#plasticfree2,#ecofriendly2"
33,"#cleanenergy2,#carbonfootprint2,#solarpower2,#windenergy2,#cleantech2"
34,"#nature2,#wildlife2,#conservation2,#biodiversity2,#earth2"
35,"#climatechange2,#globalwarming2,#actonclimate2,#savetheplanet2,#ecoactivism2"
36,"#greenliving2,#sustainableliving2,#ecolifestyle2,#organic2,#fairtrade2"
37,"#waterconservation2,#watersaving2,#cleandrinkingwater2,#hydrosustainability2,#smartwater2"
38,"#urbanfarming2,#regenerativeagriculture2,#permaculture2,#soilhealth2,#communitygarden2"
39,"#electricvehicles2,#evcharging2,#cleantransport2,#decarbonize2,#gogreen2"
40,"#plantbased2,#vegan2,#sustainablefood2,#foodwaste2,#localfood2"
41,"#ecotourism2,#slowtravel2,#responsibletourism2,#naturelover2,#environmentaleducation2"
42,"#sustainablefashion2,#ethicalfashion2,#slowfashion2,#zerowastefashion2,#fairfashion2"
43,"#climatejustice2,#socialjustice2,#environmentalequity2,#actnow2,#climatepolicy2"
44,"#greenbuilding2,#leedcertified2,#energyefficiency2,#lowimpactdesign2,#sustainabledesign2"
45,"#sustainabledevelopmentgoals2,#sdgs2,#globalgoals2,#2030agenda2,#unitednations2"
46,"#plasticfreeoceans2,#cleanbeaches2,#marineconservation2,#oceanprotection2,#wildlife2"
47,"#savethetrees2,#forestry2,#biodiversity2,#deforestation2,#forestconservation2"
48,"#renewableenergy2,#windturbines2,#solarenergy2,#cleantech2,#greenfuture2"
49,"#ecofriendlyproducts2,#greenliving2,#reducewaste2,#ecoliving2,#sustainabilitymatters2"
50,"#carbonemissions2,#carbonneutral2,#climatestrike2,#globalwarming2,#greenplanet2"
51,"#foodsecurity2,#sustainableagriculture2,#organicfarming2,#farmtotable2,#foodsovereignty2"
52,"#waterpollution2,#cleanwater2,#watersustainability2,#saveourwater2,#freshwater2"
53,"#climateinnovation2,#greenbusiness2,#sustainablegrowth2,#ecobusiness2,#greenfinance2"
54,"#wildlifeprotection2,#endangeredspecies2,#conservationefforts2,#animalrights2,#habitatloss2"
55,"#sustainableurbanism2,#greencities2,#smartcities2,#urbanplanning2,#environmentalpolicy2"
56,"#localfarmers2,#supportlocal2,#farmersmarket2,#agriculture2,#communitysupportedagriculture2"
57,"#energyconservation2,#energyefficient2,#savetheenergy2,#greenenergy2,#sustainableenergy2"
58,"#zerowastelifestyle2,#plasticalternative2,#ecoconscious2,#recycling2,#wastemanagement2"
59,"#renewabletechnologies2,#solarplants2,#windpower2,#geothermal2,#cleanenergyfuture2"
60,"#educationforclimate2,#climateawareness2,#activism2,#socialchange2,#environmentaleducation2"
61,"#environment3,#sustainability3,#climateaction3,#greenenergy3,#renewable3"
62,"#recycle3,#zerowaste3,#circulareconomy3,#plasticfree3,#ecofriendly3"
63,"#cleanenergy3,#carbonfootprint3,#solarpower3,#windenergy3,#cleantech3"
64,"#nature3,#wildlife3,#conservation3,#biodiversity3,#earth3"
65,"#climatechange3,#globalwarming3,#actonclimate3,#savetheplanet3,#ecoactivism3"
66,"#greenliving3,#sustainableliving3,#ecolifestyle3,#organic3,#fairtrade3"
67,"#waterconservation3,#watersaving3,#cleandrinkingwater3,#hydrosustainability3,#smartwater3"
68,"#urbanfarming3,#regenerativeagriculture3,#permaculture3,#soilhealth3,#communitygarden3"
69,"#electricvehicles3,#evcharging3,#cleantransport3,#decarbonize3,#gogreen3"
70,"#plantbased3,#vegan3,#sustainablefood3,#foodwaste3,#localfood3"
71,"#ecotourism3,#slowtravel3,#responsibletourism3,#naturelover3,#environmentaleducation3"
72,"#sustainablefashion3,#ethicalfashion3,#slowfashion3,#zerowastefashion3,#fairfashion3"
73,"#climatejustice3,#socialjustice3,#environmentalequity3,#actnow3,#climatepolicy3"
74,"#greenbuilding3,#leedcertified3,#energyefficiency3,#lowimpactdesign3,#sustainabledesign3"
75,"#sustainabledevelopmentgoals3,#sdgs3,#globalgoals3,#2030agenda3,#unitednations3"
76,"#plasticfreeoceans3,#cleanbeaches3,#marineconservation3,#oceanprotection3,#wildlife3"
77,"#savethetrees3,#forestry3,#biodiversity3,#deforestation3,#forestconservation3"
78,"#renewableenergy3,#windturbines3,#solarenergy3,#cleantech3,#greenfuture3"
79,"#ecofriendlyproducts3,#greenliving3,#reducewaste3,#ecoliving3,#sustainabilitymatters3"
80,"#carbonemissions3,#carbonneutral3,#climatestrike3,#globalwarming3,#greenplanet3"
81,"#foodsecurity3,#sustainableagriculture3,#organicfarming3,#farmtotable3,#foodsovereignty3"
82,"#waterpollution3,#cleanwater3,#watersustainability3,#saveourwater3,#freshwater3"
83,"#climateinnovation3,#greenbusiness3,#sustainablegrowth3,#ecobusiness3,#greenfinance3"
84,"#wildlifeprotection3,#endangeredspecies3,#conservationefforts3,#animalrights3,#habitatloss3"
85,"#sustainableurbanism3,#greencities3,#smartcities3,#urbanplanning3,#environmentalpolicy3"
86,"#localfarmers3,#supportlocal3,#farmersmarket3,#agriculture3,#communitysupportedagriculture3"
87,"#energyconservation3,#energyefficient3,#savetheenergy3,#greenenergy3,#sustainableenergy3"
88,"#zerowastelifestyle3,#plasticalternative3,#ecoconscious3,#recycling3,#wastemanagement3"
89,"#renewabletechnologies3,#solarplants3,#windpower3,#geothermal3,#cleanenergyfuture3"
90,"#educationforclimate3,#climateawareness3,#activism3,#socialchange3,#environmentaleducation3"
91,"#environment4,#sustainability4,#climateaction4,#greenenergy4,#renewable4"
92,"#recycle4,#zerowaste4,#circulareconomy4,#plasticfree4,#ecofriendly4"
93,"#cleanenergy4,#carbonfootprint4,#solarpower4,#windenergy4,#cleantech4"
94,"#nature4,#wildlife4,#conservation4,#biodiversity4,#earth4"
95,"#climatechange4,#globalwarming4,#actonclimate4,#savetheplanet4,#ecoactivism4"
96,"#greenliving4,#sustainableliving4,#ecolifestyle4,#organic4,#fairtrade4"
97,"#waterconservation4,#watersaving4,#cleandrinkingwater4,#hydrosustainability4,#smartwater4"
98,"#urbanfarming4,#regenerativeagriculture4,#permaculture4,#soilhealth4,#communitygarden4"
99,"#electricvehicles4,#evcharging4,#cleantransport4,#decarbonize4,#gogreen4"
100,"#plantbased4,#vegan4,#sustainablefood4,#foodwaste4,#localfood4"
101,"#ecotourism4,#slowtravel4,#responsibletourism4,#naturelover4,#environmentaleducation4"
102,"#sustainablefashion4,#ethicalfashion4,#slowfashion4,#zerowastefashion4,#fairfashion4"
103,"#climatejustice4,#socialjustice4,#environmentalequity4,#actnow4,#climatepolicy4"
104,"#greenbuilding4,#leedcertified4,#energyefficiency4,#lowimpactdesign4,#sustainabledesign4"
105,"#sustainabledevelopmentgoals4,#sdgs4,#globalgoals4,#2030agenda4,#unitednations4"
106,"#plasticfreeoceans4,#cleanbeaches4,#marineconservation4,#oceanprotection4,#wildlife4"
107,"#savethetrees4,#forestry4,#biodiversity4,#deforestation4,#forestconservation4"
108,"#renewableenergy4,#windturbines4,#solarenergy4,#cleantech4,#greenfuture4"
109,"#ecofriendlyproducts4,#greenliving4,#reducewaste4,#ecoliving4,#sustainabilitymatters4"
110,"#carbonemissions4,#carbonneutral4,#climatestrike4,#globalwarming4,#greenplanet4"
111,"#foodsecurity4,#sustainableagriculture4,#organicfarming4,#farmtotable4,#foodsovereignty4"
112,"#waterpollution4,#cleanwater4,#watersustainability4,#saveourwater4,#freshwater4"
113,"#climateinnovation4,#greenbusiness4,#sustainablegrowth4,#ecobusiness4,#greenfinance4"
114,"#wildlifeprotection4,#endangeredspecies4,#conservationefforts4,#animalrights4,#habitatloss4"
115,"#sustainableurbanism4,#greencities4,#smartcities4,#urbanplanning4,#environmentalpolicy4"
116,"#localfarmers4,#supportlocal4,#farmersmarket4,#agriculture4,#communitysupportedagriculture4"
117,"#energyconservation4,#energyefficient4,#savetheenergy4,#greenenergy4,#sustainableenergy4"
118,"#zerowastelifestyle4,#plasticalternative4,#ecoconscious4,#recycling4,#wastemanagement4"
119,"#renewabletechnologies4,#solarplants4,#windpower4,#geothermal4,#cleanenergyfuture4"
120,"#educationforclimate4,#climateawareness4,#activism4,#socialchange4,#environmentaleducation4"
121,"#environment5,#sustainability5,#climateaction5,#greenenergy5,#renewable5"
122,"#recycle5,#zerowaste5,#circulareconomy5,#plasticfree5,#ecofriendly5"
123,"#cleanenergy5,#carbonfootprint5,#solarpower5,#windenergy5,#cleantech5"
124,"#nature5,#wildlife5,#conservation5,#biodiversity5,#earth5"
125,"#climatechange5,#globalwarming5,#actonclimate5,#savetheplanet5,#ecoactivism5"
126,"#greenliving5,#sustainableliving5,#ecolifestyle5,#organic5,#fairtrade5"
127,"#waterconservation5,#watersaving5,#cleandrinkingwater5,#hydrosustainability5,#smartwater5"
128,"#urbanfarming5,#regenerativeagriculture5,#permaculture5,#soilhealth5,#communitygarden5"
129,"#electricvehicles5,#evcharging5,#cleantransport5,#decarbonize5,#gogreen5"
130,"#plantbased5,#vegan5,#sustainablefood5,#foodwaste5,#localfood5"
131,"#ecotourism5,#slowtravel5,#responsibletourism5,#naturelover5,#environmentaleducation5"
132,"#sustainablefashion5,#ethicalfashion5,#slowfashion5,#zerowastefashion5,#fairfashion5"
133,"#climatejustice5,#socialjustice5,#environmentalequity5,#actnow5,#climatepolicy5"
134,"#greenbuilding5,#leedcertified5,#energyefficiency5,#lowimpactdesign5,#sustainabledesign5"
135,"#sustainabledevelopmentgoals5,#sdgs5,#globalgoals5,#2030agenda5,#unitednations5"
136,"#plasticfreeoceans5,#cleanbeaches5,#marineconservation5,#oceanprotection5,#wildlife5"
137,"#savethetrees5,#forestry5,#biodiversity5,#deforestation5,#forestconservation5"
138,"#renewableenergy5,#windturbines5,#solarenergy5,#cleantech5,#greenfuture5"
139,"#ecofriendlyproducts5,#greenliving5,#reducewaste5,#ecoliving5,#sustainabilitymatters5"
140,"#carbonemissions5,#carbonneutral5,#climatestrike5,#globalwarming5,#greenplanet5"
141,"#foodsecurity5,#sustainableagriculture5,#organicfarming5,#farmtotable5,#foodsovereignty5"
142,"#waterpollution5,#cleanwater5,#watersustainability5,#saveourwater5,#freshwater5"
143,"#climateinnovation5,#greenbusiness5,#sustainablegrowth5,#ecobusiness5,#greenfinance5"
144,"#wildlifeprotection5,#endangeredspecies5,#conservationefforts5,#animalrights5,#habitatloss5"
145,"#sustainableurbanism5,#greencities5,#smartcities5,#urbanplanning5,#environmentalpolicy5"
146,"#localfarmers5,#supportlocal5,#farmersmarket5,#agriculture5,#communitysupportedagriculture5"
147,"#energyconservation5,#energyefficient5,#savetheenergy5,#greenenergy5,#sustainableenergy5"
148,"#zerowastelifestyle5,#plasticalternative5,#ecoconscious5,#recycling5,#wastemanagement5"
149,"#renewabletechnologies5,#solarplants5,#windpower5,#geothermal5,#cleanenergyfuture5"
150,"#educationforclimate5,#climateawareness5,#activism5,#socialchange5,#environmentaleducation5"
151,"#environment6,#sustainability6,#climateaction6,#greenenergy6,#renewable6"
152,"#recycle6,#zerowaste6,#circulareconomy6,#plasticfree6,#ecofriendly6"
153,"#cleanenergy6,#carbonfootprint6,#solarpower6,#windenergy6,#cleantech6"
154,"#nature6,#wildlife6,#conservation6,#biodiversity6,#earth6"
155,"#climatechange6,#globalwarming6,#actonclimate6,#savetheplanet6,#ecoactivism6"
156,"#greenliving6,#sustainableliving6,#ecolifestyle6,#organic6,#fairtrade6"
157,"#waterconservation6,#watersaving6,#cleandrinkingwater6,#hydrosustainability6,#smartwater6"
158,"#urbanfarming6,#regenerativeagriculture6,#permaculture6,#soilhealth6,#communitygarden6"
159,"#electricvehicles6,#evcharging6,#cleantransport6,#decarbonize6,#gogreen6"
160,"#plantbased6,#vegan6,#sustainablefood6,#foodwaste6,#localfood6"
161,"#ecotourism6,#slowtravel6,#responsibletourism6,#naturelover6,#environmentaleducation6"
162,"#sustainablefashion6,#ethicalfashion6,#slowfashion6,#zerowastefashion6,#fairfashion6"
163,"#climatejustice6,#socialjustice6,#environmentalequity6,#actnow6,#climatepolicy6"
164,"#greenbuilding6,#leedcertified6,#energyefficiency6,#lowimpactdesign6,#sustainabledesign6"
165,"#sustainabledevelopmentgoals6,#sdgs6,#globalgoals6,#2030agenda6,#unitednations6"
166,"#plasticfreeoceans6,#cleanbeaches6,#marineconservation6,#oceanprotection6,#wildlife6"
167,"#savethetrees6,#forestry6,#biodiversity6,#deforestation6,#forestconservation6"
168,"#renewableenergy6,#windturbines6,#solarenergy6,#cleantech6,#greenfuture6"
169,"#ecofriendlyproducts6,#greenliving6,#reducewaste6,#ecoliving6,#sustainabilitymatters6"
170,"#carbonemissions6,#carbonneutral6,#climatestrike6,#globalwarming6,#greenplanet6"
171,"#foodsecurity6,#sustainableagriculture6,#organicfarming6,#farmtotable6,#foodsovereignty6"
172,"#waterpollution6,#cleanwater6,#watersustainability6,#saveourwater6,#freshwater6"
173,"#climateinnovation6,#greenbusiness6,#sustainablegrowth6,#ecobusiness6,#greenfinance6"
174,"#wildlifeprotection6,#endangeredspecies6,#conservationefforts6,#animalrights6,#habitatloss6"
175,"#sustainableurbanism6,#greencities6,#smartcities6,#urbanplanning6,#environmentalpolicy6"
176,"#localfarmers6,#supportlocal6,#farmersmarket6,#agriculture6,#communitysupportedagriculture6"
177,"#energyconservation6,#energyefficient6,#savetheenergy6,#greenenergy6,#sustainableenergy6"
178,"#zerowastelifestyle6,#plasticalternative6,#ecoconscious6,#recycling6,#wastemanagement6"
179,"#renewabletechnologies6,#solarplants6,#windpower6,#geothermal6,#cleanenergyfuture6"
180,"#educationforclimate6,#climateawareness6,#activism6,#socialchange6,#environmentaleducation6"
181,"#environment7,#sustainability7,#climateaction7,#greenenergy7,#renewable7"
182,"#recycle7,#zerowaste7,#circulareconomy7,#plasticfree7,#ecofriendly7"
183,"#cleanenergy7,#carbonfootprint7,#solarpower7,#windenergy7,#cleantech7"
184,"#nature7,#wildlife7,#conservation7,#biodiversity7,#earth7"
185,"#climatechange7,#globalwarming7,#actonclimate7,#savetheplanet7,#ecoactivism7"
186,"#greenliving7,#sustainableliving7,#ecolifestyle7,#organic7,#fairtrade7"
187,"#waterconservation7,#watersaving7,#cleandrinkingwater7,#hydrosustainability7,#smartwater7"
188,"#urbanfarming7,#regenerativeagriculture7,#permaculture7,#soilhealth7,#communitygarden7"
189,"#electricvehicles7,#evcharging7,#cleantransport7,#decarbonize7,#gogreen7"
190,"#plantbased7,#vegan7,#sustainablefood7,#foodwaste7,#localfood7"
191,"#ecotourism7,#slowtravel7,#responsibletourism7,#naturelover7,#environmentaleducation7"
192,"#sustainablefashion7,#ethicalfashion7,#slowfashion7,#zerowastefashion7,#fairfashion7"
193,"#climatejustice7,#socialjustice7,#environmentalequity7,#actnow7,#climatepolicy7"
194,"#greenbuilding7,#leedcertified7,#energyefficiency7,#lowimpactdesign7,#sustainabledesign7"
195,"#sustainabledevelopmentgoals7,#sdgs7,#globalgoals7,#2030agenda7,#unitednations7"
196,"#plasticfreeoceans7,#cleanbeaches7,#marineconservation7,#oceanprotection7,#wildlife7"
197,"#savethetrees7,#forestry7,#biodiversity7,#deforestation7,#forestconservation7"
198,"#renewableenergy7,#windturbines7,#solarenergy7,#cleantech7,#greenfuture7"
199,"#ecofriendlyproducts7,#greenliving7,#reducewaste7,#ecoliving7,#sustainabilitymatters7"
200,"#carbonemissions7,#carbonneutral7,#climatestrike7,#globalwarming7,#greenplanet7"
201,"#foodsecurity7,#sustainableagriculture7,#organicfarming7,#farmtotable7,#foodsovereignty7"
202,"#waterpollution7,#cleanwater7,#watersustainability7,#saveourwater7,#freshwater7"
203,"#climateinnovation7,#greenbusiness7,#sustainablegrowth7,#ecobusiness7,#greenfinance7"
204,"#wildlifeprotection7,#endangeredspecies7,#conservationefforts7,#animalrights7,#habitatloss7"
205,"#sustainableurbanism7,#greencities7,#smartcities7,#urbanplanning7,#environmentalpolicy7"
206,"#localfarmers7,#supportlocal7,#farmersmarket7,#agriculture7,#communitysupportedagriculture7"
207,"#energyconservation7,#energyefficient7,#savetheenergy7,#greenenergy7,#sustainableenergy7"
208,"#zerowastelifestyle7,#plasticalternative7,#ecoconscious7,#recycling7,#wastemanagement7"
209,"#renewabletechnologies7,#solarplants7,#windpower7,#geothermal7,#cleanenergyfuture7"
210,"#educationforclimate7,#climateawareness7,#activism7,#socialchange7,#environmentaleducation7"
211,"#environment8,#sustainability8,#climateaction8,#greenenergy8,#renewable8"
212,"#recycle8,#zerowaste8,#circulareconomy8,#plasticfree8,#ecofriendly8"
213,"#cleanenergy8,#carbonfootprint8,#solarpower8,#windenergy8,#cleantech8"
214,"#nature8,#wildlife8,#conservation8,#biodiversity8,#earth8"
215,"#climatechange8,#globalwarming8,#actonclimate8,#savetheplanet8,#ecoactivism8"
216,"#greenliving8,#sustainableliving8,#ecolifestyle8,#organic8,#fairtrade8"
217,"#waterconservation8,#watersaving8,#cleandrinkingwater8,#hydrosustainability8,#smartwater8"
218,"#urbanfarming8,#regenerativeagriculture8,#permaculture8,#soilhealth8,#communitygarden8"
219,"#electricvehicles8,#evcharging8,#cleantransport8,#decarbonize8,#gogreen8"
220,"#plantbased8,#vegan8,#sustainablefood8,#foodwaste8,#localfood8"
221,"#ecotourism8,#slowtravel8,#responsibletourism8,#naturelover8,#environmentaleducation8"
222,"#sustainablefashion8,#ethicalfashion8,#slowfashion8,#zerowastefashion8,#fairfashion8"
223,"#climatejustice8,#socialjustice8,#environmentalequity8,#actnow8,#climatepolicy8"
224,"#greenbuilding8,#leedcertified8,#energyefficiency8,#lowimpactdesign8,#sustainabledesign8"
225,"#sustainabledevelopmentgoals8,#sdgs8,#globalgoals8,#2030agenda8,#unitednations8"
226,"#plasticfreeoceans8,#cleanbeaches8,#marineconservation8,#oceanprotection8,#wildlife8"
227,"#savethetrees8,#forestry8,#biodiversity8,#deforestation8,#forestconservation8"
228,"#renewableenergy8,#windturbines8,#solarenergy8,#cleantech8,#greenfuture8"
229,"#ecofriendlyproducts8,#greenliving8,#reducewaste8,#ecoliving8,#sustainabilitymatters8"
230,"#carbonemissions8,#carbonneutral8,#climatestrike8,#globalwarming8,#greenplanet8"
231,"#foodsecurity8,#sustainableagriculture8,#organicfarming8,#farmtotable8,#foodsovereignty8"
232,"#waterpollution8,#cleanwater8,#watersustainability8,#saveourwater8,#freshwater8"
233,"#climateinnovation8,#greenbusiness8,#sustainablegrowth8,#ecobusiness8,#greenfinance8"
234,"#wildlifeprotection8,#endangeredspecies8,#conservationefforts8,#animalrights8,#habitatloss8"
235,"#sustainableurbanism8,#greencities8,#smartcities8,#urbanplanning8,#environmentalpolicy8"
236,"#localfarmers8,#supportlocal8,#farmersmarket8,#agriculture8,#communitysupportedagriculture8"
237,"#energyconservation8,#energyefficient8,#savetheenergy8,#greenenergy8,#sustainableenergy8"
238,"#zerowastelifestyle8,#plasticalternative8,#ecoconscious8,#recycling8,#wastemanagement8"
239,"#renewabletechnologies8,#solarplants8,#windpower8,#geothermal8,#cleanenergyfuture8"
240,"#educationforclimate8,#climateawareness8,#activism8,#socialchange8,#environmentaleducation8"
241,"#environment9,#sustainability9,#climateaction9,#greenenergy9,#renewable9"
242,"#recycle9,#zerowaste9,#circulareconomy9,#plasticfree9,#ecofriendly9"
243,"#cleanenergy9,#carbonfootprint9,#solarpower9,#windenergy9,#cleantech9"
244,"#nature9,#wildlife9,#conservation9,#biodiversity9,#earth9"
245,"#climatechange9,#globalwarming9,#actonclimate9,#savetheplanet9,#ecoactivism9"
246,"#greenliving9,#sustainableliving9,#ecolifestyle9,#organic9,#fairtrade9"
247,"#waterconservation9,#watersaving9,#cleandrinkingwater9,#hydrosustainability9,#smartwater9"
248,"#urbanfarming9,#regenerativeagriculture9,#permaculture9,#soilhealth9,#communitygarden9"
249,"#electricvehicles9,#evcharging9,#cleantransport9,#decarbonize9,#gogreen9"
250,"#plantbased9,#vegan9,#sustainablefood9,#foodwaste9,#localfood9"
251,"#ecotourism9,#slowtravel9,#responsibletourism9,#naturelover9,#environmentaleducation9"
252,"#sustainablefashion9,#ethicalfashion9,#slowfashion9,#zerowastefashion9,#fairfashion9"
253,"#climatejustice9,#socialjustice9,#environmentalequity9,#actnow9,#climatepolicy9"
254,"#greenbuilding9,#leedcertified9,#energyefficiency9,#lowimpactdesign9,#sustainabledesign9"
255,"#sustainabledevelopmentgoals9,#sdgs9,#globalgoals9,#2030agenda9,#unitednations9"
256,"#plasticfreeoceans9,#cleanbeaches9,#marineconservation9,#oceanprotection9,#wildlife9"
257,"#savethetrees9,#forestry9,#biodiversity9,#deforestation9,#forestconservation9"
258,"#renewableenergy9,#windturbines9,#solarenergy9,#cleantech9,#greenfuture9"
259,"#ecofriendlyproducts9,#greenliving9,#reducewaste9,#ecoliving9,#sustainabilitymatters9"
260,"#carbonemissions9,#carbonneutral9,#climatestrike9,#globalwarming9,#greenplanet9"
261,"#foodsecurity9,#sustainableagriculture9,#organicfarming9,#farmtotable9,#foodsovereignty9"
262,"#waterpollution9,#cleanwater9,#watersustainability9,#saveourwater9,#freshwater9"
263,"#climateinnovation9,#greenbusiness9,#sustainablegrowth9,#ecobusiness9,#greenfinance9"
264,"#wildlifeprotection9,#endangeredspecies9,#conservationefforts9,#animalrights9,#habitatloss9"
265,"#sustainableurbanism9,#greencities9,#smartcities9,#urbanplanning9,#environmentalpolicy9"
266,"#localfarmers9,#supportlocal9,#farmersmarket9,#agriculture9,#communitysupportedagriculture9"
267,"#energyconservation9,#energyefficient9,#savetheenergy9,#greenenergy9,#sustainableenergy9"
268,"#zerowastelifestyle9,#plasticalternative9,#ecoconscious9,#recycling9,#wastemanagement9"
269,"#renewabletechnologies9,#solarplants9,#windpower9,#geothermal9,#cleanenergyfuture9"
270,"#educationforclimate9,#climateawareness9,#activism9,#socialchange9,#environmentaleducation9"
271,"#environment10,#sustainability10,#climateaction10,#greenenergy10,#renewable10"
272,"#recycle10,#zerowaste10,#circulareconomy10,#plasticfree10,#ecofriendly10"
273,"#cleanenergy10,#carbonfootprint10,#solarpower10,#windenergy10,#cleantech10"
274,"#nature10,#wildlife10,#conservation10,#biodiversity10,#earth10"
275,"#climatechange10,#globalwarming10,#actonclimate10,#savetheplanet10,#ecoactivism10"
276,"#greenliving10,#sustainableliving10,#ecolifestyle10,#organic10,#fairtrade10"
277,"#waterconservation10,#watersaving10,#cleandrinkingwater10,#hydrosustainability10,#smartwater10"
278,"#urbanfarming10,#regenerativeagriculture10,#permaculture10,#soilhealth10,#communitygarden10"
279,"#electricvehicles10,#evcharging10,#cleantransport10,#decarbonize10,#gogreen10"
280,"#plantbased10,#vegan10,#sustainablefood10,#foodwaste10,#localfood10"
281,"#ecotourism10,#slowtravel10,#responsibletourism10,#naturelover10,#environmentaleducation10"
282,"#sustainablefashion10,#ethicalfashion10,#slowfashion10,#zerowastefashion10,#fairfashion10"
283,"#climatejustice10,#socialjustice10,#environmentalequity10,#actnow10,#climatepolicy10"
284,"#greenbuilding10,#leedcertified10,#energyefficiency10,#lowimpactdesign10,#sustainabledesign10"
285,"#sustainabledevelopmentgoals10,#sdgs10,#globalgoals10,#2030agenda10,#unitednations10"
286,"#plasticfreeoceans10,#cleanbeaches10,#marineconservation10,#oceanprotection10,#wildlife10"
287,"#savethetrees10,#forestry10,#biodiversity10,#deforestation10,#forestconservation10"
288,"#renewableenergy10,#windturbines10,#solarenergy10,#cleantech10,#greenfuture10"
289,"#ecofriendlyproducts10,#greenliving10,#reducewaste10,#ecoliving10,#sustainabilitymatters10"
290,"#carbonemissions10,#carbonneutral10,#climatestrike10,#globalwarming10,#greenplanet10"
291,"#foodsecurity10,#sustainableagriculture10,#organicfarming10,#farmtotable10,#foodsovereignty10"
292,"#waterpollution10,#cleanwater10,#watersustainability10,#saveourwater10,#freshwater10"
293,"#climateinnovation10,#greenbusiness10,#sustainablegrowth10,#ecobusiness10,#greenfinance10"
294,"#wildlifeprotection10,#endangeredspecies10,#conservationefforts10,#animalrights10,#habitatloss10"
295,"#sustainableurbanism10,#greencities10,#smartcities10,#urbanplanning10,#environmentalpolicy10"
296,"#localfarmers10,#supportlocal10,#farmersmarket10,#agriculture10,#communitysupportedagriculture10"
297,"#energyconservation10,#energyefficient10,#savetheenergy10,#greenenergy10,#sustainableenergy10"
298,"#zerowastelifestyle10,#plasticalternative10,#ecoconscious10,#recycling10,#wastemanagement10"
299,"#renewabletechnologies10,#solarplants10,#windpower10,#geothermal10,#cleanenergyfuture10"
300,"#educationforclimate10,#climateawareness10,#activism10,#socialchange10,#environmentaleducation10"